Type,Seconds,MegaBytes
delta_send,1470493338,0.00189208984375
delta_send,1470493339,0.0037841796875
delta_send,1470493340,0.20973968505859375
delta_send,1470493341,0.20973968505859375
delta_send,1470493342,0.20973968505859375
delta_send,1470493343,0.20973968505859375
delta_send,1470493344,0.21068572998046875
delta_send,1470493345,0.21068572998046875
delta_send,1470493346,0.21068572998046875
delta_send,1470493347,0.21068572998046875
delta_send,1470493348,0.21190643310546875
delta_send,1470493349,0.21346282958984375
delta_send,1470493350,0.2480621337890625
delta_send,1470493351,0.2480621337890625
delta_send,1470493352,0.2480621337890625
delta_send,1470493353,0.2480621337890625
delta_send,1470493354,0.2486724853515625
delta_send,1470493355,0.2486724853515625
delta_send,1470493356,0.2486724853515625
delta_send,1470493357,0.2486724853515625
delta_send,1470493358,0.2498931884765625
delta_send,1470493359,0.2514495849609375
delta_send,1470493360,0.28733062744140625
delta_send,1470493361,0.28733062744140625
delta_send,1470493362,0.28733062744140625
delta_send,1470493363,0.28733062744140625
delta_send,1470493364,0.2881011962890625
delta_send,1470493365,0.2881011962890625
delta_send,1470493366,0.2881011962890625
delta_send,1470493367,0.2881011962890625
delta_send,1470493368,0.2893218994140625
delta_send,1470493369,0.29103851318359375
delta_send,1470493370,0.48458099365234375
delta_send,1470493371,0.48458099365234375
delta_send,1470493372,0.48458099365234375
delta_send,1470493373,0.48458099365234375
delta_send,1470493374,0.4853515625
convergence,1470493374,0.0
delta_send,1470493375,0.4853515625
delta_send,1470493376,0.4853515625
delta_send,1470493377,0.4853515625
delta_send,1470493378,0.48673248291015625
delta_send,1470493379,0.48859405517578125
delta_send,1470493380,0.679779052734375
delta_send,1470493381,0.679779052734375
delta_send,1470493382,0.679779052734375
delta_send,1470493383,0.679779052734375
delta_send,1470493384,0.6804122924804688
delta_send,1470493385,0.6804122924804688
delta_send,1470493386,0.6804122924804688
delta_send,1470493387,0.6804122924804688
delta_send,1470493388,0.6820831298828125
delta_send,1470493389,0.683685302734375
delta_send,1470493390,0.7098007202148438
delta_send,1470493391,0.7098007202148438
delta_send,1470493392,0.7098007202148438
delta_send,1470493393,0.7098007202148438
delta_send,1470493394,0.7101287841796875
delta_send,1470493394,0.7101287841796875
