Type,Seconds,MegaBytes
delta_send,1470493336,9.46044921875e-4
delta_send,1470493337,9.46044921875e-4
delta_send,1470493338,0.00189208984375
delta_send,1470493339,0.002838134765625
delta_send,1470493340,0.002838134765625
delta_send,1470493341,0.002838134765625
delta_send,1470493342,0.20882415771484375
delta_send,1470493343,0.20882415771484375
delta_send,1470493344,0.20977020263671875
delta_send,1470493345,0.20977020263671875
delta_send,1470493346,0.21038055419921875
delta_send,1470493347,0.21038055419921875
delta_send,1470493348,0.21099090576171875
delta_send,1470493349,0.21160125732421875
delta_send,1470493350,0.21160125732421875
delta_send,1470493351,0.21160125732421875
delta_send,1470493352,0.24500274658203125
delta_send,1470493353,0.24500274658203125
delta_send,1470493354,0.24561309814453125
delta_send,1470493355,0.24561309814453125
delta_send,1470493356,0.24622344970703125
delta_send,1470493357,0.24622344970703125
delta_send,1470493358,0.24683380126953125
delta_send,1470493359,0.24744415283203125
delta_send,1470493360,0.24744415283203125
delta_send,1470493361,0.24744415283203125
delta_send,1470493362,0.28321075439453125
delta_send,1470493363,0.28321075439453125
delta_send,1470493364,0.2839813232421875
delta_send,1470493365,0.2839813232421875
delta_send,1470493366,0.2845916748046875
delta_send,1470493367,0.2845916748046875
delta_send,1470493368,0.2852020263671875
delta_send,1470493369,0.2858123779296875
delta_send,1470493370,0.2858123779296875
delta_send,1470493371,0.2858123779296875
delta_send,1470493372,0.4790802001953125
delta_send,1470493373,0.4790802001953125
delta_send,1470493374,0.47985076904296875
convergence,1470493374,0.0
delta_send,1470493375,0.47985076904296875
delta_send,1470493376,0.480621337890625
delta_send,1470493377,0.480621337890625
delta_send,1470493378,0.48139190673828125
delta_send,1470493379,0.48200225830078125
delta_send,1470493380,0.48200225830078125
delta_send,1470493381,0.48200225830078125
delta_send,1470493382,0.6736221313476563
delta_send,1470493383,0.6736221313476563
delta_send,1470493384,0.67431640625
delta_send,1470493385,0.67431640625
delta_send,1470493386,0.67523193359375
delta_send,1470493387,0.67523193359375
delta_send,1470493388,0.67584228515625
delta_send,1470493389,0.6761703491210938
delta_send,1470493389,0.6761703491210938
